,ID,Description,GeneRatio,BgRatio,pvalue,p.adjust,qvalue,geneID,Count
hsa04110,hsa04110,Cell cycle,9/98,124/8016,1.87380125426745e-05,0.00346653232039478,0.0034320149288688,1019/996/8318/990/7272/1017/6502/9184/7027,9
